sku_id,net_profit
1008,-14939.119999999999
1019,-37863.850000000006
1013,-66336.05
1011,-84183.35
1003,-110811.5
1017,-113069.4
1002,-113146.0
1001,-120231.43000000001
1005,-142588.52
1014,-163553.58
1016,-232925.8
